Sequence Name	Sequence
TRAV01'1 TCATTCCTTAGTCGCTCTGATAGTTATGGTTA
TRAV01'2 CATTCCTTAGTCGGTCTAAAGGGTACAGTTA
TRAV02	 ACAACATGACCTATGAACGGTTCTCTTCATC
TRAV03	 CTGAATTTAACAAGAGCCAAACCTCCTTCCA
TRAV048	 CCGACAGAAAGTCCAGCACTCTGAG
TRAV05	 CACTGTTCTATTGAATAAAAAGGATAAACATCTGTC
TRAV06	 GTCACCTTTGATACCACCCTTAAACAGAGTTT
TRAV07	 AGACTAAATGCTACATTACTGAAGAATGGAAGCAG
TRAV08'1 TGAGGCTGAATTTATAAAGAGTAAATTCTCCTTTAA
TRAV08'2 GCTGAATTTAAGAAGAGTGAAACCTCCTTCCA
TRAV08'3 GGCTGAATTTAAGAGGAGTCAATCTTCCTTCAA
TRAV08'5P5	GACACTTATCACTTCCCCAATCAATACCCC
TRAV08'6	GGCTGAATTTAACAAGAGTCAAACTTCCTTCCA
TRAV08'7ORF5	GCTGAATTTAAGAAGAGCGAAACCTCCTTCTA
TRAV09'15	CCATGTACCGTAAAGAAACCACTTCTTTCCA
TRAV09'2	CCACATACCGTAAAGAAACCACTTCTTTCCA
TRAV10		TGGATGCAGACACAAAGCAAAGCTC
TRAV11P5	TAAAGAACTGCTTGGAAAAGAAAAATTTTATAGTGT
TRAV12'1	ACAGCTCAATAGAGCCAGCCAGTATATTTC
TRAV12'2	CAGCTCAATAAAGCCAGCCAGTATGTTTC
TRAV12'3	GCACAGGTCGATAAATCCAGCAAGTATATCTC
TRAV13'1	CTGTTACATTGAACAAGACAGCCAAACATTTCTC
TRAV13'2	CACCGTTTTATTGAATAAGACAGTGAAACATCTCTC
TRAV14/DV4	CCAGAAGGCAAGAAAATCCGCCAA
TRAV15P		AGAAGCGCTTGGAAAAGAGAAGTTTTATAGTGT
TRAV16		TGACCTTAACAAAGGCGAGACATCTTTCCA
TRAV17		CGCTTGACACTTCCAAGAAAAGCAGTTC
TRAV18		CAGTCCTATCAAGAGTGACAGTTCCTTCCA
TRAV19		GAACTTCCAGAAATCCACCAGTTCCTTCAA
TRAV20		GCTAAAAGCCACATTAACAAAGAAGGAAAGCTT
TRAV21		CTCGCTGGATAAATCATCAGGACGTAGTAC
TRAV22		TCGCTACGGAACGCTACAGCTT
TRAV23/DV6	CTCCTTCAATAAAAGTGCCAAGCAGTTCTC
TRAV24		CACTCTTAATACCAAGGAGGGTTACAGCTA
TRAV25		TCAGTTTGGAGAAGCAAAAAAGAACAGCTC
TRAV26'1	GATCATCACAGAAGACAGAAAGTCCAGCAC
TRAV26'2	GCAATCGCTGAAGACAGAAAGTCCAGTAC
TRAV27		CAGTTTGGTGATGCAAGAAAGGACAGTTC
TRAV28P5	CAGTCAAAGCTGAGGAACTTTATGGCCA
TRAV29DV05	CTTCTTAAACAAAAGTGCCAAGCACCTCTC
TRAV30		CTGCTTCATTTAATGAAAAAAAGCAGCAAAGCTC
TRAV31P5	TTCTGTGAGCTTCCAGAAAACAACTAAAACTATTCA
TRAV32P5	CACTGTACTGTTGAATAAAAATGCTAAACATGTCTC
TRAV33P5	GCCTGTGAACTTTGAAAAAAAGAAAAAGTTCATCAA
TRAV34		CCAAGTTGGATGAGAAAAAGCAGCAAAGTTC
TRAV35		TCAGTTTGGTATAACCAGAAAGGACAGCTT
TRAV36/TRDV7	AAGTAGCATATTAGATAAGAAAGAACTTTCCAGCAT
TRAV37P		CAGGCTTAAAAAAGGAGACCAGCACATTTC
TRAV38'1	CTTCCAGAAAGCAGCCAAATCCTTCAG
TRAV39		TGATACCAAAGCCCGTCTCAGCAC
TRAV40		GAGGCGGAAATATTAAAGACAAAAACTCCCC
TRAV41		CCACAATAAACATACAGGAAAAGCACAGCTC
TRDV01		AGAAAGCAGCGAAATCCGTCGC
TRDV02		TGACATTGATATTGCAAAGAACCTGGCTGT
TRDV035		GAAACACATTCTGACCCAGAAAGCCTTTCA


